[
  {
    "id": "e46542e5-1e2c-4844-998e-3ca93ba0f457",
    "data": [
      {
        "text": "When do you close ?",
        "userDefined": false
      }
    ],
    "isTemplate": false,
    "count": 0
  },
  {
    "id": "145a1b30-e468-4927-a85f-3fa9c0c6cac2",
    "data": [
      {
        "text": "Are you open ",
        "userDefined": false
      },
      {
        "text": "today",
        "alias": "date",
        "meta": "@sys.date",
        "userDefined": false
      },
      {
        "text": " ?",
        "userDefined": false
      }
    ],
    "isTemplate": false,
    "count": 0
  },
  {
    "id": "92b8a226-f711-45e1-bc37-708cf00d5c63",
    "data": [
      {
        "text": "Are you open right now ?",
        "userDefined": false
      }
    ],
    "isTemplate": false,
    "count": 0
  },
  {
    "id": "65a4179d-0806-4721-b1b2-b0c3dd0579ba",
    "data": [
      {
        "text": "What time do you open ?",
        "userDefined": false
      }
    ],
    "isTemplate": false,
    "count": 0
  }
]