[
  {
    "id": "a9f40313-2dd9-483a-b826-3ebeeab4e735",
    "data": [
      {
        "text": "I want to order a ",
        "userDefined": false
      },
      {
        "text": "large",
        "alias": "size",
        "meta": "@size",
        "userDefined": true
      },
      {
        "text": " pizza",
        "userDefined": false
      }
    ],
    "isTemplate": false,
    "count": 0
  },
  {
    "id": "703b13b7-9139-4fed-bd21-f73825812e3d",
    "data": [
      {
        "text": "I want a ",
        "userDefined": false
      },
      {
        "text": "chicken",
        "alias": "pizza_topping",
        "meta": "@pizza_topping",
        "userDefined": true
      },
      {
        "text": " pizza",
        "userDefined": false
      }
    ],
    "isTemplate": false,
    "count": 0
  },
  {
    "id": "85ea3387-f482-4ac4-8715-154a27f8e150",
    "data": [
      {
        "text": "I\u0027d like to order a pizza for pickup ",
        "userDefined": false
      },
      {
        "text": "in 1 hour",
        "alias": "time",
        "meta": "@sys.time",
        "userDefined": false
      }
    ],
    "isTemplate": false,
    "count": 0
  },
  {
    "id": "1fa7d677-3aa0-4c2b-84bb-6bb9bf5ddf09",
    "data": [
      {
        "text": "I want a pizza with ",
        "userDefined": false
      },
      {
        "text": "pepper and mushroom",
        "alias": "pizza_topping",
        "meta": "@pizza_topping",
        "userDefined": true
      }
    ],
    "isTemplate": false,
    "count": 0
  },
  {
    "id": "2537c6c9-720c-4707-bf8c-b866f5d469a5",
    "data": [
      {
        "text": "I\u0027d like a ",
        "userDefined": false
      },
      {
        "text": "small",
        "alias": "size",
        "meta": "@size",
        "userDefined": true
      },
      {
        "text": " pizza with ",
        "userDefined": false
      },
      {
        "text": "mushrooms",
        "alias": "pizza_topping",
        "meta": "@pizza_topping",
        "userDefined": true
      }
    ],
    "isTemplate": false,
    "count": 0
  },
  {
    "id": "51c12015-b8d6-46ab-8d3e-edbaa7462a7d",
    "data": [
      {
        "text": "I want to order a ",
        "userDefined": false
      },
      {
        "text": "small",
        "alias": "size",
        "meta": "@size",
        "userDefined": true
      },
      {
        "text": " pizza with ",
        "userDefined": false
      },
      {
        "text": "chicken",
        "alias": "pizza_topping",
        "meta": "@pizza_topping",
        "userDefined": true
      },
      {
        "text": " only",
        "userDefined": false
      }
    ],
    "isTemplate": false,
    "count": 0
  },
  {
    "id": "d59a198f-46f5-4eb5-9540-9cc95d853f37",
    "data": [
      {
        "text": "I want to order a ",
        "userDefined": false
      },
      {
        "text": "cheese pizza",
        "alias": "pizza_topping",
        "meta": "@pizza_topping",
        "userDefined": true
      },
      {
        "text": " for ",
        "userDefined": false
      },
      {
        "text": "1 PM",
        "alias": "time",
        "meta": "@sys.time",
        "userDefined": false
      },
      {
        "text": " ",
        "userDefined": false
      },
      {
        "text": "tomorrow",
        "alias": "date",
        "meta": "@sys.date",
        "userDefined": false
      }
    ],
    "isTemplate": false,
    "count": 0
  },
  {
    "id": "d6e4196e-1aa1-4536-ab85-5011f5201179",
    "data": [
      {
        "text": "can I order a ",
        "userDefined": false
      },
      {
        "text": "cheese pizza",
        "alias": "pizza_topping",
        "meta": "@pizza_topping",
        "userDefined": true
      },
      {
        "text": " for pickup ",
        "userDefined": false
      },
      {
        "text": "today",
        "alias": "date",
        "meta": "@sys.date",
        "userDefined": false
      },
      {
        "text": " ",
        "userDefined": false
      },
      {
        "text": "at noon",
        "alias": "time",
        "meta": "@sys.time",
        "userDefined": false
      },
      {
        "text": " ?",
        "userDefined": false
      }
    ],
    "isTemplate": false,
    "count": 0
  }
]